{
  "topic_representations": {
    "-1": [
      [
        "parade",
        0.07608057458717829
      ],
      [
        "halloween",
        0.06774725379425181
      ],
      [
        "ai",
        0.0649429981424263
      ],
      [
        "halloween parade",
        0.05388547709441351
      ],
      [
        "dublin",
        0.05134145313942181
      ],
      [
        "street",
        0.044809349772853
      ],
      [
        "website",
        0.04048683526452175
      ],
      [
        "brands",
        0.03755686342973026
      ],
      [
        "connell street",
        0.035950565832503244
      ],
      [
        "said",
        0.034897381580376585
      ]
    ],
    "0": [
      [
        "ai",
        0.09483207010496275
      ],
      [
        "slop",
        0.0721245169192954
      ],
      [
        "generated",
        0.0552144439850586
      ],
      [
        "content",
        0.05233510954631153
      ],
      [
        "ai generated",
        0.04365810899492767
      ],
      [
        "people",
        0.03933661370096075
      ],
      [
        "images",
        0.0374655400222717
      ],
      [
        "facebook",
        0.03713504658024154
      ],
      [
        "2024",
        0.036724431399813524
      ],
      [
        "like",
        0.036356606427870725
      ]
    ],
    "1": [
      [
        "game",
        0.10514457301498599
      ],
      [
        "ai",
        0.09816312826598393
      ],
      [
        "activision",
        0.04767949904265184
      ],
      [
        "enix",
        0.04401184527014016
      ],
      [
        "square enix",
        0.04401184527014016
      ],
      [
        "square",
        0.04373774060268621
      ],
      [
        "development",
        0.04143475350377186
      ],
      [
        "generative",
        0.038876154706633616
      ],
      [
        "new",
        0.03822354899631734
      ],
      [
        "generative ai",
        0.03756529926380002
      ]
    ]
  },
  "topics": [
    0,
    0,
    0,
    0,
    0,
    0,
    0,
    0,
    0,
    0,
    0,
    0,
    0,
    0,
    0,
    0,
    0,
    0,
    -1,
    0,
    0,
    -1,
    1,
    -1,
    0,
    0,
    -1,
    0,
    -1,
    -1,
    0,
    0,
    1,
    1,
    1,
    1,
    1,
    1,
    1,
    1,
    1
  ],
  "topic_sizes": {
    "0": 25,
    "-1": 6,
    "1": 10
  },
  "topic_mapper": [
    [
      -1,
      -1,
      -1
    ],
    [
      0,
      0,
      1
    ],
    [
      1,
      1,
      0
    ]
  ],
  "topic_labels": {
    "-1": "-1_parade_halloween_ai_halloween parade",
    "0": "0_ai_slop_generated_content",
    "1": "1_game_ai_activision_enix"
  },
  "custom_labels": null,
  "_outliers": 1,
  "topic_aspects": {
    "KeyBERT": {
      "-1": [
        [
          "dublin halloween",
          0.49089852148200863
        ],
        [
          "parade dublin",
          0.40981807265819414
        ],
        [
          "halloween parade",
          0.36888265857875285
        ],
        [
          "ai generated",
          0.2987211222725104
        ],
        [
          "dublin",
          0.29792203340908446
        ],
        [
          "using ai",
          0.28672298071376
        ],
        [
          "halloween",
          0.2864332543548013
        ],
        [
          "ai technology",
          0.278723156175233
        ],
        [
          "crowds",
          0.2616070614735886
        ],
        [
          "generative ai",
          0.25057541900797736
        ]
      ],
      "0": [
        [
          "generative ai",
          0.41330139037830865
        ],
        [
          "ai generated",
          0.40766412487384895
        ],
        [
          "artificial intelligence",
          0.3424206284762366
        ],
        [
          "ai slop",
          0.3071750902726021
        ],
        [
          "slop",
          0.3053971161626302
        ],
        [
          "generated content",
          0.2887708917455677
        ],
        [
          "creators",
          0.27212366924689424
        ],
        [
          "social media",
          0.2709262439293028
        ],
        [
          "intelligence",
          0.25158103091069317
        ],
        [
          "content",
          0.2492985214645147
        ]
      ],
      "1": [
        [
          "ai generated",
          0.4608650988537332
        ],
        [
          "generative ai",
          0.4569930966542278
        ],
        [
          "applying ai",
          0.43572977452682593
        ],
        [
          "use ai",
          0.39251374726950466
        ],
        [
          "activision",
          0.36857323072982195
        ],
        [
          "square enix",
          0.35863376400112973
        ],
        [
          "ai cutting",
          0.33096649674778517
        ],
        [
          "video game",
          0.32308455796357066
        ],
        [
          "ai",
          0.2733045510070292
        ],
        [
          "foamstars",
          0.2621221710754988
        ]
      ]
    },
    "OpenAI": {
      "-1": [
        [
          "AI Failures in Public Events",
          1
        ]
      ],
      "0": [
        [
          "AI-Generated Low-Quality Media",
          1
        ]
      ],
      "1": [
        [
          "AI Use and Controversy in Video Games",
          1
        ]
      ]
    },
    "MMR": {
      "-1": [
        [
          "halloween parade",
          0.05388547709441351
        ],
        [
          "dublin",
          0.05134145313942181
        ],
        [
          "brands",
          0.03755686342973026
        ],
        [
          "connell street",
          0.035950565832503244
        ],
        [
          "people",
          0.034614314321784426
        ],
        [
          "spotify",
          0.03177888444054099
        ],
        [
          "coca cola",
          0.030807702071704725
        ],
        [
          "italian",
          0.021917267533048738
        ],
        [
          "brainrot",
          0.021917267533048738
        ],
        [
          "video",
          0.021883802332632533
        ]
      ],
      "0": [
        [
          "generated",
          0.0552144439850586
        ],
        [
          "content",
          0.05233510954631153
        ],
        [
          "ai generated",
          0.04365810899492767
        ],
        [
          "images",
          0.0374655400222717
        ],
        [
          "facebook",
          0.03713504658024154
        ],
        [
          "ai slop",
          0.03403760925013861
        ],
        [
          "2025",
          0.02620764624224738
        ],
        [
          "social media",
          0.019697745242099735
        ],
        [
          "generative",
          0.018685105632086065
        ],
        [
          "coca cola",
          0.01727317359107108
        ]
      ],
      "1": [
        [
          "activision",
          0.04767949904265184
        ],
        [
          "enix",
          0.04401184527014016
        ],
        [
          "square enix",
          0.04401184527014016
        ],
        [
          "generative ai",
          0.03756529926380002
        ],
        [
          "foamstars",
          0.03717438737185376
        ],
        [
          "voice",
          0.034144749102802956
        ],
        [
          "kiryu",
          0.02783842317219157
        ],
        [
          "ai generated",
          0.0224059380119817
        ],
        [
          "video game",
          0.020082092549951372
        ],
        [
          "team",
          0.01979001861104302
        ]
      ]
    },