{
  "topic_representations": {
    "-1": [
      [
        "ai",
        0.0582049322667895
      ],
      [
        "people",
        0.037751107217782943
      ],
      [
        "parade",
        0.032528672913983925
      ],
      [
        "trump",
        0.029896528103374054
      ],
      [
        "event",
        0.029834557565890266
      ],
      [
        "halloween",
        0.029566025093705216
      ],
      [
        "said",
        0.028689933852323813
      ],
      [
        "cola",
        0.028379213294383424
      ],
      [
        "coca cola",
        0.02778019835602726
      ],
      [
        "coca",
        0.02778019835602726
      ]
    ],
    "0": [
      [
        "ai",
        0.0945684533689002
      ],
      [
        "slop",
        0.07263225213306347
      ],
      [
        "generated",
        0.05738162147714434
      ],
      [
        "content",
        0.05698734739235961
      ],
      [
        "ai generated",
        0.04605530384801481
      ],
      [
        "2024",
        0.04202592813548751
      ],
      [
        "facebook",
        0.03931211364050901
      ],
      [
        "images",
        0.03479032114055475
      ],
      [
        "ai slop",
        0.03315711422171093
      ],
      [
        "2025",
        0.031335845534221085
      ]
    ],
    "1": [
      [
        "game",
        0.10269207793410494
      ],
      [
        "ai",
        0.09151255531699912
      ],
      [
        "enix",
        0.05372803455140463
      ],
      [
        "square enix",
        0.05372803455140463
      ],
      [
        "square",
        0.05340761664646968
      ],
      [
        "development",
        0.0456267807880588
      ],
      [
        "foamstars",
        0.045259665957552805
      ],
      [
        "new",
        0.03952167200480227
      ],
      [
        "voice",
        0.039311195182210094
      ],
      [
        "kiryu",
        0.03377463292982146
      ]
    ]
  },
  "topics": [
    0,
    0,
    0,
    0,
    0,
    -1,
    0,
    0,
    0,
    0,
    0,
    0,
    -1,
    -1,
    0,
    0,
    -1,
    -1,
    -1,
    -1,
    0,
    -1,
    1,
    -1,
    -1,
    -1,
    -1,
    -1,
    -1,
    -1,
    -1,
    0,
    -1,
    1,
    -1,
    1,
    1,
    1,
    1,
    1,
    1
  ],
  "topic_sizes": {
    "0": 15,
    "-1": 18,
    "1": 8
  },
  "topic_mapper": [
    [
      -1,
      -1,
      -1
    ],
    [
      0,
      0,
      0
    ],
    [
      1,
      1,
      1
    ]
  ],
  "topic_labels": {
    "-1": "-1_ai_people_parade_trump",
    "0": "0_ai_slop_generated_content",
    "1": "1_game_ai_enix_square enix"
  },
  "custom_labels": null,
  "_outliers": 1,
  "topic_aspects": {
    "KeyBERT": {
      "-1": [
        [
          "ai generated",
          0.41222453117370605
        ],
        [
          "halloween parade",
          0.3677774667739868
        ],
        [
          "ai",
          0.36581331491470337
        ],
        [
          "ai slop",
          0.34963005781173706
        ],
        [
          "news",
          0.3135016858577728
        ],
        [
          "reality",
          0.3126932382583618
        ],
        [
          "halloween",
          0.3069073557853699
        ],
        [
          "misinformation",
          0.30228257179260254
        ],
        [
          "ads",
          0.2991653084754944
        ],
        [
          "parade",
          0.2912711799144745
        ]
      ],
      "0": [
        [
          "ai slop",
          0.6159268617630005
        ],
        [
          "ai content",
          0.6010676622390747
        ],
        [
          "ai generated",
          0.5751932859420776
        ],
        [
          "ai",
          0.5329655408859253
        ],
        [
          "artificial intelligence",
          0.4030786454677582
        ],
        [
          "slop",
          0.38054555654525757
        ],
        [
          "generative ai",
          0.35663700103759766
        ],
        [
          "artificial",
          0.35313230752944946
        ],
        [
          "creator",
          0.33589643239974976
        ],
        [
          "spam",
          0.335867702960968
        ]
      ],
      "1": [
        [
          "ai generated",
          0.5567625761032104
        ],
        [
          "square enix",
          0.5369372963905334
        ],
        [
          "ai",
          0.5094970464706421
        ],
        [
          "use ai",
          0.49716031551361084
        ],
        [
          "enix",
          0.4778437912464142
        ],
        [
          "applying ai",
          0.4469956159591675
        ],
        [
          "ai cutting",
          0.42207813262939453
        ],
        [
          "content development",
          0.38431060314178467
        ],
        [
          "generative ai",
          0.36696767807006836
        ],
        [
          "artwork",
          0.34651321172714233
        ]
      ]
    },
    "OpenAI": {
      "-1": [
        [
          "AI-Generated Content and Misinformation",
          1
        ]
      ],
      "0": [
        [
          "AI-Generated Content and Slop",
          1
        ]
      ],
      "1": [
        [
          "Square Enix AI Game Development",
          1
        ]
      ]
    },
    "MMR": {
      "-1": [
        [
          "ai",
          0.0582049322667895
        ],
        [
          "trump",
          0.029896528103374054
        ],
        [
          "event",
          0.029834557565890266
        ],
        [
          "coca cola",
          0.02778019835602726
        ],
        [
          "dublin",
          0.02259478258239289
        ],
        [
          "like",
          0.020229739106313135
        ],
        [
          "halloween parade",
          0.018932244329540493
        ],
        [
          "ai generated",
          0.017066545286791645
        ],
        [
          "information",
          0.01648331658002722
        ],
        [
          "generative ai",
          0.01604179247198122
        ]
      ],
      "0": [
        [
          "ai",
          0.0945684533689002
        ],
        [
          "content",
          0.05698734739235961
        ],
        [
          "ai generated",
          0.04605530384801481
        ],
        [
          "facebook",
          0.03931211364050901
        ],
        [
          "ai slop",
          0.03315711422171093
        ],
        [
          "2025",
          0.031335845534221085
        ],
        [
          "spam",
          0.021010919612258924
        ],
        [
          "internet",
          0.02024522749258693
        ],
        [
          "social",
          0.019516209160300467
        ],
        [
          "platforms",
          0.018209463663957735
        ]
      ],
      "1": [
        [
          "ai",
          0.09151255531699912
        ],
        [
          "enix",
          0.05372803455140463
        ],
        [
          "square enix",
          0.05372803455140463
        ],
        [
          "voice",
          0.039311195182210094
        ],
        [
          "activision",
          0.03134135348831937
        ],
        [
          "games",
          0.030162534676338636
        ],
        [
          "create",
          0.028133841097317057
        ],
        [
          "letter",
          0.02398654654451753
        ],
        [
          "angry birds",
          0.023672835377518457
        ],
        [
          "video game",
          0.021624563026420074
        ]
      ]
    },